d3mIndex,video,label
0,Prelinger_HabitPat1954_brush_hair_u_cm_np1_le_med_10.avi,0
1,Brunette_Foxyanya_ultra_silky_long_hair_brushing_hairjob_brush_hair_f_nm_np1_ri_goo_0.avi,0
2,brushing_jrs_hair_brush_hair_u_cm_np2_le_goo_0.avi,0
3,Prelinger_HabitPat1954_brush_hair_u_nm_np1_le_goo_11.avi,0
4,Brushing_my_long_hair_brush_hair_u_nm_np1_ba_goo_2.avi,0
5,brush_my_hair_without_wearing_the_glasses_brush_hair_u_nm_np1_fr_goo_0.avi,0
6,red_head_brush_hair_u_cm_np1_le_goo_2.avi,0
7,brushing_hair_brush_hair_f_nm_np2_ba_goo_2.avi,0
8,Blonde_being_brushed_brush_hair_f_nm_np2_ri_med_0.avi,0
9,Lektion_3__-_Das_Haare_b_rsten_brush_hair_h_nm_np1_fr_med_1.avi,0
10,Brushing_Her_Hair__[_NEW_AUDIO_]_UPDATED!!!!_brush_hair_h_cm_np1_le_goo_3.avi,0
11,sarah_brushing_her_hair_brush_hair_h_cm_np1_ri_goo_0.avi,0
12,Chanta!____THAT_IS_long_blonde_hair!_brush_hair_u_cm_np1_le_goo_1.avi,0
13,long_hair_Christa__brush_hair_u_nm_np1_le_goo_0.avi,0
14,Brunette_Foxyanya_ultra_silky_long_hair_brushing_hairjob_brush_hair_f_nm_np1_fr_goo_4.avi,0
15,Chanta!____THAT_IS_long_blonde_hair!_brush_hair_u_cm_np1_le_goo_0.avi,0
16,Aussie_Brunette_Brushing_Hair_II_brush_hair_u_nm_np1_ba_goo_4.avi,0
17,Brushing_hair__the_right_way_brush_hair_u_nm_np1_fr_goo_1.avi,0
18,Trannydude___Brushing_SyntheticHair___OhNOES!__those_fukin_knots!_brush_hair_u_nm_np1_fr_goo_0.avi,0
19,Brushing_my_hair_-_December_2008_brush_hair_u_cm_np1_ba_goo_2.avi,0
20,April_09_brush_hair_u_nm_np1_ba_goo_0.avi,0
21,Chanta!____THAT_IS_long_blonde_hair!_brush_hair_u_nm_np1_ri_goo_3.avi,0
22,brushing_hair_brush_hair_f_nm_np2_ba_goo_4.avi,0
23,Brushing_Hair_with_Beth_brush_hair_u_nm_np1_fr_goo_2.avi,0
24,Chanta!____THAT_IS_long_blonde_hair!_brush_hair_u_cm_np1_fr_goo_2.avi,0
25,me_brushing_my_hair_lol_i_was_being_silly_brush_hair_u_nm_np1_ri_goo_3.avi,0
26,brushing_hair_2_brush_hair_h_nm_np1_ba_med_1.avi,0
27,Brunette_Foxyanya_ultra_silky_long_hair_brushing_hairjob_brush_hair_f_nm_np1_fr_goo_1.avi,0
28,Brushing_my_hair_-_December_2008_brush_hair_u_nm_np1_ba_goo_0.avi,0
29,Aussie_Brunette_Brushing_Long_Hair_brush_hair_u_nm_np1_fr_goo_2.avi,0
30,brushing_raychel_s_hair_brush_hair_u_cm_np2_ri_goo_1.avi,0
31,Ella_brushing_her_long_blonde_hair___again_brush_hair_u_cm_np1_le_goo_1.avi,0
32,Silky_Straight_Hair_Original_brush_hair_h_nm_np1_ba_goo_0.avi,0
33,Brushing_Hair_with_Beth_brush_hair_h_nm_np1_le_goo_0.avi,0
34,Aussie_Brunette_Brushing_Long_Hair_brush_hair_u_nm_np1_fr_goo_1.avi,0
35,Silky_Straight_Hair_Original_brush_hair_h_nm_np1_ba_goo_1.avi,0
36,Lektion_3__-_Das_Haare_b_rsten_brush_hair_h_nm_np1_le_med_0.avi,0
37,Trannydude___Brushing_SyntheticHair___OhNOES!__those_fukin_knots!_brush_hair_u_nm_np1_fr_goo_1.avi,0
38,brush_my_hair_without_wearing_the_glasses_brush_hair_u_nm_np1_fr_goo_1.avi,0
39,Aussie_Brunette_Brushing_Hair_II_brush_hair_u_nm_np2_le_med_2.avi,0
40,me_brushing_my_hair_lol_i_was_being_silly_brush_hair_u_nm_np1_ba_goo_2.avi,0
41,Brunette_Foxyanya_ultra_silky_long_hair_brushing_hairjob_brush_hair_h_cm_np2_ri_goo_6.avi,0
42,April_09_brush_hair_u_nm_np1_ba_goo_1.avi,0
43,Brunette_Foxyanya_ultra_silky_long_hair_brushing_hairjob_brush_hair_f_nm_np1_le_goo_3.avi,0
44,Brunette_Foxyanya_ultra_silky_long_hair_brushing_hairjob_brush_hair_f_nm_np1_fr_goo_2.avi,0
45,Brushing_my_Long_Hair__February_2009_brush_hair_u_nm_np1_ba_goo_2.avi,0
46,Brushing_Her_Hair__[_NEW_AUDIO_]_UPDATED!!!!_brush_hair_h_cm_np1_fr_goo_0.avi,0
47,Brushing_my_hair_-_December_2008_brush_hair_u_cm_np1_ba_goo_1.avi,0
48,red_head_brush_hair_u_cm_np1_fr_goo_1.avi,0
49,Brushing_my_waist_lenth_hair_brush_hair_u_nm_np1_ba_goo_2.avi,0
50,brushing_hair_brush_hair_f_cm_np2_ri_goo_0.avi,0
51,Brunette_Foxyanya_ultra_silky_long_hair_brushing_hairjob_brush_hair_h_nm_np2_ri_goo_5.avi,0
52,brushing_jrs_hair_brush_hair_u_cm_np2_le_goo_1.avi,0
53,brushing_raychel_s_hair_brush_hair_u_cm_np2_ri_goo_0.avi,0
54,Brushing_hair__the_right_way_brush_hair_u_nm_np1_fr_goo_0.avi,0
55,brushing_hair_brush_hair_f_nm_np2_ri_goo_3.avi,0
56,Brushing_hair__the_right_way_brush_hair_u_nm_np1_fr_goo_2.avi,0
57,My_Hair_Routine_brush_hair_h_nm_np1_le_goo_0.avi,0
58,Slave_brush_my_hair_brush_hair_u_cm_np2_le_goo_2.avi,0
59,Ella_brushing_her_amazing_long_hair_brush_hair_u_cm_np1_ba_goo_2.avi,0
60,Brushing_Her_Hair__[_NEW_AUDIO_]_UPDATED!!!!_brush_hair_h_cm_np1_le_goo_2.avi,0
61,Ella_brushing_her_long_blonde_hair___again_brush_hair_u_cm_np1_ba_goo_0.avi,0
62,rebecca_golden_hair_brush_hair_h_nm_np1_ba_goo_0.avi,0
63,brushing_hair_brush_hair_f_nm_np2_ri_goo_1.avi,0
64,Aussie_Brunette_Brushing_Long_Hair_brush_hair_u_nm_np1_ba_med_3.avi,0
65,Ella_brushing_her_long_blonde_hair___again_brush_hair_u_cm_np1_ba_goo_2.avi,0
66,Slave_brush_my_hair_brush_hair_u_cm_np2_le_goo_1.avi,0
67,Brushing_my_long_hair_brush_hair_u_nm_np1_fr_goo_0.avi,0
68,Olivia_Brushing_Hair_Playing_with_Evelyn_brush_hair_u_cm_np1_fr_goo_1.avi,0
69,atempting_to_brush_my_hair_brush_hair_u_nm_np2_le_goo_0.avi,0
70,Brushing_my_long_hair_brush_hair_u_nm_np1_fr_goo_1.avi,0
71,red_head_brush_hair_u_cm_np1_ba_goo_0.avi,0
72,Slave_brush_my_hair_brush_hair_u_cm_np2_le_goo_0.avi,0
73,Ella_brushing_her_amazing_long_hair_brush_hair_u_cm_np1_ba_goo_0.avi,0
74,Haarek_mmen_brush_hair_h_cm_np1_fr_goo_2.avi,0
75,Brushing_my_Long_Hair__February_2009_brush_hair_u_nm_np1_fr_goo_0.avi,0
76,Aussie_Brunette_Brushing_Hair_II_brush_hair_u_nm_np2_le_goo_0.avi,0
77,Brushing_my_Long_Hair__February_2009_brush_hair_u_nm_np1_ba_goo_1.avi,0
78,indianrapunzels_com---silky_long_hair_brushing_brush_hair_u_cm_np2_ri_goo_1.avi,0
79,Olivia_Brushing_Hair_Playing_with_Evelyn_brush_hair_u_cm_np2_ri_goo_0.avi,0
80,Aussie_Brunette_Brushing_Hair_II_brush_hair_u_nm_np2_le_goo_1.avi,0
81,me_brushing_my_hair_lol_i_was_being_silly_brush_hair_u_nm_np1_fr_goo_0.avi,0
82,atempting_to_brush_my_hair_brush_hair_u_nm_np2_le_goo_1.avi,0
83,Prelinger_HabitPat1954_brush_hair_h_nm_np1_ba_med_2.avi,0
84,Aussie_Brunette_Brushing_Long_Hair_brush_hair_u_nm_np1_fr_med_0.avi,0
85,Jessica_Heinz_-_Leverkusen_Cup_2006__floor_routine_cartwheel_f_cm_np1_ri_med_0.avi,1
86,Parada_de_mao_cartwheel_f_cm_np1_fr_med_3.avi,1
87,Simon_Bodenturnen_cartwheel_f_cm_np1_fr_med_4.avi,1
88,boden__bung_gaurunde_cartwheel_f_cm_np1_le_med_0.avi,1
89,Ein_guter_Radschlag_cartwheel_f_nm_np1_ba_med_3.avi,1
90,How_to_Do_an_Aerial_-_Aerial_vs__Cartwheel_cartwheel_f_cm_np1_ri_med_1.avi,1
91,Gymnastics__-_Steps_to_Do_a_Cartwheel_cartwheel_f_nm_np1_le_med_0.avi,1
92,Cartwheel_Contest_cartwheel_f_cm_np2_fr_med_0.avi,1
93,Cartwheel_Competition_cartwheel_f_cm_np1_ri_med_5.avi,1
94,Handstandk_nig_cartwheel_f_cm_np1_ri_med_4.avi,1
95,Jessica_Heinz_-_Leverkusen_Cup_2006__floor_routine_cartwheel_f_cm_np1_le_med_5.avi,1
96,turnles!!_cartwheel_f_cm_np1_ri_med_3.avi,1
97,turnles!!_cartwheel_f_cm_np1_ri_med_1.avi,1
98,How_to_do_a_Cartwheel_cartwheel_f_nm_np1_le_med_1.avi,1
99,Ein_guter_Radschlag_cartwheel_f_nm_np1_ba_med_0.avi,1
100,Cartwheel_Contest_cartwheel_f_cm_np1_fr_med_2.avi,1
101,turnles!!_cartwheel_f_cm_np1_ri_med_6.avi,1
102,How_to_Do_an_Aerial_-_Aerial_vs__Cartwheel_cartwheel_f_cm_np1_le_med_0.avi,1
103,Jessica_and_Gregs_Cartwheel_Competition_cartwheel_f_cm_np1_fr_med_6.avi,1
104,Acrobacias_de_un_fenomeno_cartwheel_f_cm_np1_ba_bad_8.avi,1
105,Acrobacias_de_un_fenomeno_cartwheel_f_cm_np1_fr_bad_4.avi,1
106,Mirco_turnt_die_5_2_LAD___Schraube_rw_cartwheel_f_cm_np1_le_med_2.avi,1
107,Bodenturnen_im_sportunterricht_cartwheel_f_cm_np1_ri_med_2.avi,1
108,Rush_Hour_4_Turnk_r_cartwheel_f_cm_np1_le_med_3.avi,1
109,How_to_do_a_Cartwheel_cartwheel_f_nm_np1_le_med_2.avi,1
110,Charlottes_Brilliant_Roly_Poly__Handstand_Thingy_cartwheel_f_cm_np1_le_bad_1.avi,1
111,Jennis_Bodenk_r_cartwheel_f_cm_np1_fr_med_3.avi,1
112,Mirco_turnt_die_5_2_LAD___Schraube_rw_cartwheel_f_cm_np1_ri_med_3.avi,1
113,Sabine_en_Lieke_Turnen_3_cartwheel_f_cm_np2_fr_med_0.avi,1
114,Cartwheel_Competition_cartwheel_f_cm_np1_ri_med_3.avi,1
115,turnles!!_cartwheel_f_cm_np1_ri_med_0.avi,1
116,Monica_cartwheel_f_cm_np1_le_med_0.avi,1
117,Boden_bung_Spoho_Eignungspr_fung_cartwheel_f_cm_np1_ri_med_2.avi,1
118,Geena_und_die_Radschl_ge___;-)_cartwheel_f_cm_np1_le_med_3.avi,1
119,Jessica_Heinz_-_Leverkusen_Cup_2006__floor_routine_cartwheel_f_cm_np1_ri_med_4.avi,1
120,Mirco_turnt_die_5_2_LAD___Schraube_rw_cartwheel_f_cm_np1_ri_med_1.avi,1
121,Gymnastics_-_How_to_Do_a_Perfect_Cartwheel_cartwheel_f_cm_np1_ri_med_0.avi,1
122,Gymnastics_-_How_to_Do_a_Perfect_Cartwheel_cartwheel_f_cm_np1_le_med_1.avi,1
123,Zwei_hoffnungslose_Pflegef_lle_beim_Turnen(Part2)_cartwheel_f_cm_np1_le_bad_0.avi,1
124,how_to_do_a_cartwheel_cartwheel_f_cm_np1_ri_med_0.avi,1
125,Bodenturnen_2004_cartwheel_f_cm_np1_le_med_4.avi,1
126,anna_turnen_cartwheel_f_cm_np1_le_bad_0.avi,1
127,How_to_do_a_Cartwheel_cartwheel_f_nm_np1_ri_med_0.avi,1
128,Turn_pr_fung_glaser_schule_cartwheel_f_cm_np1_ri_med_3.avi,1
129,Cartwheel_Competition_cartwheel_f_cm_np1_le_med_4.avi,1
130,Jessica_and_Gregs_Cartwheel_Competition_cartwheel_f_cm_np1_ri_med_7.avi,1
131,Projekt_SPOHO_2008_-_27_02_08_-_Training-_Bodenk_r_3_cartwheel_f_cm_np1_le_med_3.avi,1
132,cartwheel_competition_43_year_old_vs__15_year_old_cartwheel_f_cm_np2_ri_med_0.avi,1
133,cartwheel_challange_cartwheel_f_cm_np2_le_med_1.avi,1
134,(Rad)Schlag_die_Bank!_cartwheel_f_cm_np1_le_med_0.avi,1
135,Turn_pr_fung_glaser_schule_cartwheel_f_cm_np1_le_med_4.avi,1
136,Cartwheel_Contest_cartwheel_f_cm_np2_fr_med_1.avi,1
137,Jessica_and_Gregs_Cartwheel_Competition_cartwheel_f_cm_np1_fr_med_3.avi,1
138,turnles!!_cartwheel_f_cm_np1_ri_med_4.avi,1
139,Bodenturnen_cartwheel_f_cm_np1_ri_med_4.avi,1
140,Geena_und_die_Radschl_ge___;-)_cartwheel_f_cm_np1_ri_med_1.avi,1
141,Ein_guter_Radschlag_cartwheel_f_nm_np1_le_med_2.avi,1
142,Geena_und_die_Radschl_ge___;-)_cartwheel_f_cm_np1_ri_med_0.avi,1
143,Bodenturnen_2004_cartwheel_f_cm_np1_le_med_0.avi,1
144,boden__bung_gaurunde_cartwheel_f_cm_np1_le_med_2.avi,1
145,Bodenturnen_cartwheel_f_cm_np1_ri_med_2.avi,1
146,Ein_guter_Radschlag_cartwheel_f_nm_np1_le_med_4.avi,1
147,DSHS_Pflicht_Bodenturnen_BAS_1_Bachelor_Spoho_cartwheel_f_cm_np1_ri_med_0.avi,1
148,Cartwheel_Competition_cartwheel_f_cm_np1_le_med_0.avi,1
149,cartwheels_in_heels_cartwheel_f_cm_np1_fr_med_0.avi,1
150,jenny_~_rad_cartwheel_f_cm_np1_ri_med_0.avi,1
151,Ein_guter_Radschlag_cartwheel_f_cm_np1_ba_med_5.avi,1
152,park_cartwheel_f_cm_np1_ba_med_0.avi,1
153,Jessica_and_Gregs_Cartwheel_Competition_cartwheel_f_cm_np1_le_med_0.avi,1
154,Aerial_Cartwheel_Tutorial_By_Jujimufu_cartwheel_f_nm_np1_ri_med_0.avi,1
155,Jessica_and_Gregs_Cartwheel_Competition_cartwheel_f_cm_np1_ba_med_1.avi,1
156,lea_kann_radschlag_cartwheel_f_cm_np1_ri_med_0.avi,1
157,Monikas_Staatsexamen__Turnen_cartwheel_f_cm_np1_ri_med_4.avi,1
158,Handstandk_nig_cartwheel_f_cm_np1_le_med_0.avi,1
159,Cartwheel_Contest_cartwheel_f_cm_np1_fr_med_4.avi,1
160,Acrobacias_de_un_fenomeno_cartwheel_f_cm_np1_fr_bad_3.avi,1
161,Mirco_turnt_die_5_2_LAD___Schraube_rw_cartwheel_f_cm_np1_ri_med_0.avi,1
162,Bodenturnen_im_sportunterricht_cartwheel_f_cm_np1_ri_med_4.avi,1
163,Bodenturnen_cartwheel_f_cm_np1_le_med_3.avi,1
164,Rush_Hour_4_Turnk_r_cartwheel_f_cm_np1_le_med_6.avi,1
165,CarTwHeeL_PerFecT_cartwheel_f_cm_np1_le_med_0.avi,1
166,Bodenturnen_2004_cartwheel_f_cm_np1_le_med_5.avi,1
167,Beim_Radschlag_Hose_gerissen_(Nick)_xD_cartwheel_f_cm_np1_ri_med_0.avi,1
168,Jessica_Heinz_-_Leverkusen_Cup_2006__floor_routine_cartwheel_f_cm_np1_le_med_2.avi,1
169,Simon_Bodenturnen_cartwheel_f_cm_np1_ba_med_2.avi,1
170,Frisbee_catch_f_cm_np1_fr_bad_2.avi,2
171,Handball_Passtraining_in_der_Zweiergruppe_(1)_catch_f_cm_np1_le_bad_1.avi,2
172,torwart_de_-_Torwarttraining_Werder_Bremen_catch_f_cm_np1_fr_bad_3.avi,2
173,Torwarttraining_catch_u_cm_np1_ri_med_0.avi,2
174,Torwarttraining_catch_f_cm_np1_ba_bad_8.avi,2
175,Torwarttraining_Arminia_Bielefeld_catch_f_cm_np1_le_med_6.avi,2
176,Torwarttraining_catch_u_cm_np1_ri_med_1.avi,2
177,Torwarttraining_catch_u_cm_np1_le_bad_6.avi,2
178,Goalkeeper_Training_Day_#_2_catch_f_cm_np1_fr_bad_1.avi,2
179,Florian_Fromlowitz_beim_Training_der_U_21_Nationalmannschaft_catch_f_cm_np1_ri_med_4.avi,2
180,Behinderten_Sport_part_2_catch_f_cm_np1_ri_bad_1.avi,2
181,Torwarttraining_2_(_sterreich)_catch_f_cm_np1_ba_goo_0.avi,2
182,How_to_Play_Wide_Receiver_in_Football_-_How_to_Catch_a_High_Ball_in_Football_catch_f_nm_np1_ri_goo_0.avi,2
183,Torwarttraining_Arminia_Bielefeld_catch_f_cm_np1_ba_med_1.avi,2
184,Seldin_Lipovic_-_Willi_Weber__Torwarttraining__catch_f_cm_np1_ba_bad_8.avi,2
185,Florian_Fromlowitz_beim_Training_der_U_21_Nationalmannschaft_catch_u_cm_np1_le_med_3.avi,2
186,Torwarttraining_3_(_sterreich)_catch_f_nm_np1_le_med_1.avi,2
187,Seldin_Lipovic_-_Willi_Weber__Torwarttraining__catch_f_cm_np1_fr_bad_6.avi,2
188,Torwarttraining_Arminia_Bielefeld_catch_f_cm_np1_ri_med_4.avi,2
189,Goalkeeper_Training_Day_#_7_catch_f_cm_np1_ba_bad_2.avi,2
190,Torwarttraining_2_(_sterreich)_catch_f_cm_np1_le_med_5.avi,2
191,Torwarttraining_catch_f_cm_np1_ba_bad_9.avi,2
192,Torwartraining_TuS_Koblenz_11_08_09_catch_f_cm_np1_le_bad_2.avi,2
193,How_to_Play_Wide_Receiver_in_Football_-_How_to_Catch_a_High_Ball_in_Football_catch_f_nm_np1_ri_med_1.avi,2
194,Torwarttraining_3_(_sterreich)_catch_f_nm_np1_le_med_0.avi,2
195,Torwarttraining_3_(_sterreich)_catch_f_nm_np1_fr_med_5.avi,2
196,Faith_Rewarded_catch_f_cm_np1_fr_med_10.avi,2
197,Torwarttraining_catch_u_cm_np1_ri_med_2.avi,2
198,Seldin_Lipovic_-_Willi_Weber__Torwarttraining__catch_f_cm_np1_ba_bad_7.avi,2
199,torwart_de-Camp_2009-_Training_hoher_B_lle_mit_Airbodies_catch_f_cm_np1_fr_bad_3.avi,2
200,Goalkeeper_Training_Day_#_2_catch_f_cm_np1_fr_bad_2.avi,2
201,Torwarttraining_3_(_sterreich)_catch_f_nm_np1_le_med_2.avi,2
202,Torwarttraining_2_(_sterreich)_catch_f_cm_np1_le_med_4.avi,2
203,Torwarttraining_3_(_sterreich)_catch_f_nm_np1_fr_med_4.avi,2
204,Torwarttraining_3_(_sterreich)_catch_f_nm_np1_fr_med_3.avi,2
205,Goalkeeper_Training_Day_#_2_catch_f_cm_np1_ba_bad_3.avi,2
206,torwart_de-Camp_2009-_Training_hoher_B_lle_mit_Airbodies_catch_f_cm_np1_fr_bad_2.avi,2
207,Seldin_Lipovic_-_Willi_Weber__Torwarttraining__catch_f_cm_np1_le_bad_2.avi,2
208,Seldin_Lipovic_-_Willi_Weber__Torwarttraining__catch_f_cm_np1_fr_bad_3.avi,2
209,torwart_de-Camp_2009-_Training_hoher_B_lle_mit_Airbodies_catch_f_cm_np1_ba_bad_4.avi,2
210,Goalkeeper_Training_Day_#_7_catch_f_cm_np1_ri_med_1.avi,2
211,96-_Torwarttraining_1_catch_f_cm_np1_le_bad_0.avi,2
212,Torwarttraining_Arminia_Bielefeld_catch_f_cm_np1_ba_med_2.avi,2
213,Torwarttraining_-_Impressionen_vom_1__FFC_Frankfurt_catch_f_cm_np1_ri_med_0.avi,2
214,Ballfangen_catch_u_cm_np1_fr_goo_2.avi,2
215,Florian_Fromlowitz_beim_Training_der_U_21_Nationalmannschaft_catch_f_cm_np1_ri_med_2.avi,2
216,Torwarttraining_Arminia_Bielefeld_catch_f_cm_np1_ri_med_5.avi,2
217,Frisbee_catch_f_cm_np1_ri_med_1.avi,2
218,torwart_de-Camp_2009_-_Hohe_B_lle_catch_f_cm_np1_ba_med_0.avi,2
219,Goal_Keeping_Tips_catch_u_cm_np1_fr_med_1.avi,2
220,torwart_de_-_Torwarttraining_Werder_Bremen_catch_f_cm_np1_ba_bad_1.avi,2
221,Torwarttraining_catch_f_cm_np1_ba_bad_10.avi,2
222,Ballfangen_catch_u_cm_np1_fr_goo_1.avi,2
223,Torwartraining_TuS_Koblenz_11_08_09_catch_f_cm_np1_ri_bad_0.avi,2
224,Ball_hochwerfen_-_Rolle_-_Ball_fangen_(Timo_3)_catch_f_cm_np1_ri_med_1.avi,2
225,Goalkeeper_Training_Day_#_7_catch_f_nm_np1_ri_bad_4.avi,2
226,Torwarttraining_catch_f_cm_np1_le_bad_5.avi,2
227,Goal_Keeping_Tips_catch_u_cm_np1_fr_med_3.avi,2
228,Torwarttraining_-_Impressionen_vom_1__FFC_Frankfurt_catch_f_cm_np1_ri_med_2.avi,2
229,Goalkeeper_Training_Day_#_2_catch_f_cm_np1_ba_bad_5.avi,2
230,Torwarttraining_2_(_sterreich)_catch_f_cm_np1_ba_goo_2.avi,2
231,Torwarttraining_catch_u_cm_np1_fr_bad_4.avi,2
232,Torwarttraining_catch_f_cm_np1_le_bad_3.avi,2
233,torwart_de-Camp_2009_-_Hohe_B_lle_catch_f_cm_np1_ba_med_1.avi,2
234,Seldin_Lipovic_-_Willi_Weber__Torwarttraining__catch_f_cm_np1_le_bad_4.avi,2
235,Florian_Fromlowitz_beim_Training_der_U_21_Nationalmannschaft_catch_u_cm_np1_le_med_5.avi,2
236,Torwarttraining_2_(_sterreich)_catch_f_cm_np1_le_med_3.avi,2
237,torwart_de_-_Torwarttraining_Werder_Bremen_catch_f_cm_np1_fr_bad_2.avi,2
238,Torwarttraining_Arminia_Bielefeld_catch_f_cm_np1_ri_med_7.avi,2
239,Florian_Fromlowitz_beim_Training_der_U_21_Nationalmannschaft_catch_f_cm_np1_ri_med_0.avi,2
240,Goal_Keeping_Tips_catch_f_cm_np1_fr_med_2.avi,2
241,Florian_Fromlowitz_beim_Training_der_U_21_Nationalmannschaft_catch_u_cm_np1_le_med_1.avi,2
242,Frisbee_catch_f_cm_np1_ri_med_0.avi,2
243,Goalkeeper_Training_Day_#_7_catch_f_cm_np1_ri_med_0.avi,2
244,Handball_Passtraining_in_der_Zweiergruppe_(1)_catch_f_cm_np1_le_med_0.avi,2
245,torwart_de-Camp_2009_-_Hohe_B_lle_catch_f_cm_np1_ba_med_2.avi,2
246,Torwarttraining_Arminia_Bielefeld_catch_f_cm_np1_le_med_3.avi,2
247,torwart_de-Camp_2009-_Training_hoher_B_lle_mit_Airbodies_catch_f_cm_np1_ba_bad_1.avi,2
248,Seldin_Lipovic_-_Willi_Weber__Torwarttraining__catch_f_cm_np1_le_med_1.avi,2
249,Torwarttraining_catch_u_cm_np1_le_bad_7.avi,2
250,Seldin_Lipovic_-_Willi_Weber__Torwarttraining__catch_u_cm_np1_fr_bad_0.avi,2
251,Massive_Bubble_Gum_Bubble_chew_h_nm_np1_le_goo_2.avi,3
252,How_to_Do_Basic_Mime_Skills_-_How_to_Mime_Chewing_Gum_chew_h_cm_np1_fr_med_0.avi,3
253,Fun_Chewing_Gum!_chew_h_nm_np1_fr_med_1.avi,3
254,Sexy_girl_on_the_bed_teasing_chew_u_nm_np1_fr_med_0.avi,3
255,chewing_bubble_gum_chew_h_cm_np1_ri_med_1.avi,3
256,random_gum_chewing_chew_h_nm_np1_fr_med_1.avi,3
257,Dubble_bubble_compilation_-_all_on_8_pieces_chew_h_nm_np1_fr_med_1.avi,3
258,How_to_Do_Basic_Mime_Skills_-_How_to_Mime_Chewing_Gum_chew_h_cm_np1_fr_med_1.avi,3
259,TheBoondockSaints_chew_u_nm_np1_fr_med_46.avi,3
260,Tara_Bush_blowing_bubbles_5_chew_h_nm_np1_le_goo_1.avi,3
261,Gum_Chewing_Girl_chew_h_nm_np1_fr_med_1.avi,3
262,Vid_Request-_Me_Blowing_Bubbles_-P_chew_h_nm_np1_fr_med_1.avi,3
263,Bubble_gum!_XD_chew_h_cm_np1_fr_bad_2.avi,3
264,LittleChildren_chew_h_nm_np1_fr_goo_7.avi,3
265,Mr__Bubblegum_chew_h_nm_np1_fr_med_1.avi,3
266,Big_League_Chew_chew_h_nm_np1_fr_goo_0.avi,3
267,Me_chewing_hubba_bubba_bubble_gum_chew_h_nm_np1_fr_bad_1.avi,3
268,Fun_Chewing_Gum!_chew_h_nm_np1_fr_med_2.avi,3
269,Kaugummiblase_1_chew_h_cm_np1_le_med_0.avi,3
270,blondeandbubbles_chew_h_nm_np1_fr_goo_0.avi,3
271,cotton_candy_bubble_gum_chew_h_nm_np1_fr_med_2.avi,3
272,Loud_Chewing_chew_u_cm_np1_fr_med_0.avi,3
273,Bubble_Blowing_Bubble_Gum_chew_h_nm_np1_fr_bad_0.avi,3
274,lol_im_so_weird___BLOWIN_BUBBLE_GUM__oops_i_burped_at_the_end_my_bad_lol_chew_h_nm_np1_fr_med_2.avi,3
275,Loud_Chewing_chew_u_cm_np1_fr_med_2.avi,3
276,Bubble_Blowing_Bubble_Gum_chew_h_nm_np1_fr_bad_1.avi,3
277,Bubblegum_Bubbles_chew_h_cm_np1_fr_bad_2.avi,3
278,chewing_gum_1_chew_h_nm_np1_fr_goo_0.avi,3
279,Chewing_Gum_chew_h_nm_np1_fr_med_0.avi,3
280,chewing_gum_1_chew_h_nm_np1_fr_goo_1.avi,3
281,Tara_Bush_blowing_bubbles_5_chew_h_nm_np1_fr_goo_3.avi,3
282,prideandprejudice1_chew_u_nm_np1_fr_goo_6.avi,3
283,Sweet_Candy_Bubbles_chew_h_cm_np1_fr_med_1.avi,3
284,Wanda_Su_and_niece__T__blowing_bubbles_chew_u_nm_np2_fr_med_2.avi,3
285,#2_Gum_chew_h_nm_np1_fr_med_1.avi,3
286,Vid_Request-_Me_Blowing_Bubbles_-P_chew_h_nm_np1_fr_med_0.avi,3
287,random_gum_chewing_chew_h_nm_np1_fr_med_2.avi,3
288,Bubblegum_Wigger_chew_h_nm_np1_fr_goo_1.avi,3
289,Duble_Bubble_Gum_chew_h_cm_np1_fr_bad_2.avi,3
290,TheBoondockSaints_chew_h_nm_np1_fr_goo_48.avi,3
291,Bubblegum_Bubbles_chew_h_cm_np1_fr_bad_1.avi,3
292,chewing_gum_2_chew_h_cm_np1_fr_med_1.avi,3
293,Bubble_Gum_Club_2_chew_h_nm_np2_fr_med_1.avi,3
294,Big_League_Chew_chew_h_nm_np1_fr_goo_2.avi,3
295,random_gum_chewing_chew_h_cm_np1_fr_med_0.avi,3
296,Wanda_Su_and_niece__T__blowing_bubbles_chew_u_nm_np2_le_med_3.avi,3
297,Loud_Chewing_chew_u_cm_np1_fr_med_1.avi,3
298,Big_League_Chew_chew_h_nm_np1_fr_goo_1.avi,3
299,Bubble_gum!_XD_chew_h_cm_np1_fr_med_0.avi,3
300,Fun_Chewing_Gum!_chew_h_nm_np2_fr_med_4.avi,3
301,chewing_gum_2_chew_h_cm_np1_fr_med_0.avi,3
302,TheLittleShopofHorrors_chew_u_nm_np1_fr_med_8.avi,3
303,blondeandbubbles_chew_h_nm_np1_fr_goo_1.avi,3
304,TheBoondockSaints_chew_u_cm_np1_le_med_35.avi,3
305,Me_chewing_hubba_bubba_bubble_gum_chew_h_nm_np1_fr_bad_2.avi,3
306,Blowing_Bubbles!_chew_h_nm_np1_fr_med_0.avi,3
307,AMADEUS_chew_h_nm_np1_fr_goo_7.avi,3
308,#2_Gum_chew_h_nm_np1_fr_med_2.avi,3
309,Bubblegum_Bubbles_chew_h_cm_np1_fr_bad_0.avi,3
310,cotton_candy_bubble_gum_chew_h_nm_np1_fr_med_1.avi,3
311,#2_Gum_chew_h_nm_np1_fr_med_0.avi,3
312,Vid_Request-_Me_Blowing_Bubbles_-P_chew_h_nm_np1_fr_med_2.avi,3
313,Scott_Can_t_Make_His_Bubblegum_Pop_chew_h_nm_np1_fr_med_2.avi,3
314,Sweet_Candy_Bubbles_chew_h_cm_np1_fr_med_0.avi,3
315,Mr__Bubblegum_chew_h_nm_np1_fr_med_0.avi,3
316,Me_chewing_hubba_bubba_bubble_gum_chew_h_nm_np1_fr_bad_0.avi,3
317,Bubble_Blowing_Bubble_Gum_chew_h_nm_np1_fr_bad_2.avi,3
318,Kaugummiblase_1_chew_h_cm_np1_le_med_2.avi,3
319,chewing_bubble_gum_chew_h_cm_np1_ri_med_0.avi,3
320,Blowing_Bubbles!_chew_h_nm_np1_fr_med_1.avi,3
321,Gum_Chewing_Girl_chew_h_nm_np1_fr_med_0.avi,3
322,Wanda_Su_and_niece__T__blowing_bubbles_chew_u_nm_np2_fr_med_0.avi,3
323,Bubble_blowing_3!_chew_h_nm_np1_le_bad_1.avi,3
324,chewing_bubble_gum_chew_h_cm_np1_ri_bad_2.avi,3
325,How_to_Do_Basic_Mime_Skills_-_How_to_Mime_Chewing_Gum_chew_h_cm_np1_fr_med_2.avi,3
326,Mr__Bubblegum_chew_h_nm_np1_fr_med_2.avi,3
327,Bubblegum_Wigger_chew_h_nm_np1_fr_med_2.avi,3
328,Massive_Bubble_Gum_Bubble_chew_h_nm_np1_le_goo_0.avi,3
329,Dubble_bubble_compilation_-_all_on_8_pieces_chew_h_nm_np1_fr_med_2.avi,3
330,lol_im_so_weird___BLOWIN_BUBBLE_GUM__oops_i_burped_at_the_end_my_bad_lol_chew_h_cm_np1_fr_med_0.avi,3
331,Bubble_blowing_3!_chew_h_nm_np1_le_bad_2.avi,3
332,Kaugummiblase_1_chew_h_cm_np1_le_med_1.avi,3
333,Wanda_Su_and_niece__T__blowing_bubbles_chew_u_nm_np2_fr_med_1.avi,3
334,Massive_Bubble_Gum_Bubble_chew_h_nm_np1_le_goo_1.avi,3
335,Bubblegum_Wigger_chew_h_nm_np1_fr_goo_0.avi,3
336,Dubble_bubble_compilation_-_all_on_8_pieces_chew_h_nm_np1_fr_med_0.avi,3
337,chewing_gum_1_chew_h_nm_np1_fr_goo_2.avi,3
338,Deutscher_Klatsch_-_The_Clap_-_Lexy_clap_u_cm_np1_fr_med_1.avi,4
339,The_Slow_Clap_clap_u_cm_np1_fr_med_15.avi,4
340,The_Slow_Clap_clap_u_nm_np2_fr_med_22.avi,4
341,Clap_Hands_clap_u_nm_np1_fr_med_1.avi,4
342,Flamenco_Dance_Steps_-_Flamenco_Dance_Soft_Claps_clap_u_cm_np1_fr_goo_1.avi,4
343,The_Slow_Clap_clap_u_nm_np1_fr_med_12.avi,4
344,Deutscher_Klatsch_-_The_Clap_-_Lexy_clap_f_cm_np3_fr_med_4.avi,4
345,#20_Rhythm_clap_u_nm_np1_le_goo_5.avi,4
346,The_Slow_Clap_clap_u_cm_np1_fr_bad_16.avi,4
347,The_Slow_Clap_clap_u_nm_np2_fr_med_8.avi,4
348,The_Slow_Clap_clap_u_cm_np1_fr_bad_6.avi,4
349,Clap_Hands_clap_u_nm_np1_fr_med_2.avi,4
350,The_Slow_Clap_clap_u_nm_np2_fr_med_9.avi,4
351,Wendy_playing_wii_fit_with_clapping_hands_clap_f_cm_np1_le_med_1.avi,4
352,#20_Rhythm_clap_u_nm_np1_fr_goo_1.avi,4
353,Alex_applauding_himself_clap_u_nm_np1_fr_med_0.avi,4
354,#20_Rhythm_clap_u_nm_np1_fr_goo_0.avi,4
355,Deutscher_Klatsch_-_The_Clap_-_Lexy_clap_f_cm_np2_ba_med_3.avi,4
356,Hand_Clapping_Game__Bim_Bum__clap_f_nm_np2_fr_med_2.avi,4
357,Hand_Clapping_Game__Bim_Bum__clap_f_nm_np2_fr_med_0.avi,4
358,boom_snap_clap_(challenge)_HARDCORE_VERSION!_clap_u_nm_np1_fr_bad_1.avi,4
359,Deutscher_Klatsch_-_The_Clap_-_Lexy_clap_f_cm_np3_fr_med_8.avi,4
360,Kurt_Kr_mer_-_Klatschen_im_Flugzeug_clap_u_cm_np1_ri_bad_3.avi,4
361,The_Slow_Clap_clap_u_nm_np1_fr_med_13.avi,4
362,RE-_Boom_Snap_Clap_clap_u_nm_np1_fr_med_0.avi,4
363,that70_sshowslowclap_clap_u_nm_np1_fr_med_0.avi,4
364,The_Slow_Clap_clap_u_nm_np1_fr_bad_5.avi,4
365,The_Slow_Clap_clap_u_nm_np1_fr_bad_29.avi,4
366,Boom_Snap_Clap_clap_u_nm_np1_fr_med_1.avi,4
367,Kurt_Kr_mer_-_Klatschen_im_Flugzeug_clap_u_cm_np1_fr_med_1.avi,4
368,Deutscher_Klatsch_-_The_Clap_-_Lexy_clap_u_cm_np2_fr_bad_11.avi,4
369,The_Slow_Clap_clap_u_nm_np1_fr_med_2.avi,4
370,My_Lil__Man_clapping_his_Hands_clap_u_nm_np1_fr_med_1.avi,4
371,Applauding_Abby_clap_u_nm_np1_fr_med_1.avi,4
372,Deutscher_Klatsch_-_The_Clap_-_Lexy_clap_f_cm_np1_fr_med_5.avi,4
373,Deutscher_Klatsch_-_The_Clap_-_Lexy_clap_f_cm_np2_ba_med_2.avi,4
374,Wendy_playing_wii_fit_with_clapping_hands_clap_f_cm_np1_le_med_0.avi,4
375,Baby_Bob_kann_klatschen_!_clap_u_cm_np1_fr_med_0.avi,4
376,Song_I_Can_Wave_My_Hands_-_Cullen_s_Abc_s_clap_u_cm_np1_fr_med_3.avi,4
377,103_years_old_japanese_woman__Nao_is_clapping_with_piano_music_by_beethoven_clap_u_cm_np1_fr_med_1.avi,4
378,Kurt_Kr_mer_-_Klatschen_im_Flugzeug_clap_u_cm_np1_ri_med_2.avi,4
379,Boom_Snap_Clap_clap_u_nm_np1_fr_med_0.avi,4
380,Deutscher_Klatsch_-_The_Clap_-_Lexy_clap_u_cm_np1_fr_med_0.avi,4
381,Faith_Rewarded_clap_u_cm_np1_ri_goo_1.avi,4
382,Deutscher_Klatsch_-_The_Clap_-_Lexy_clap_f_cm_np3_fr_med_9.avi,4
383,Martin_klatscht_in_die_h_nde_und_FURZT_clap_u_cm_np1_fr_med_0.avi,4
384,Standing_clap_f_cm_np1_fr_med_1.avi,4
385,_Boom_Snap_Clap__challenge_clap_u_nm_np1_fr_med_0.avi,4
386,Clap_Hands_clap_u_nm_np1_fr_med_0.avi,4
387,The_Slow_Clap_clap_u_nm_np1_fr_bad_19.avi,4
388,The_Slow_Clap_clap_u_nm_np2_fr_med_23.avi,4
389,Return_of_the_King_12_clap_u_nm_np1_fr_goo_4.avi,4
390,boomsnapclap!_clap_u_nm_np1_fr_med_1.avi,4
391,slowclap_clap_u_nm_np1_fr_goo_0.avi,4
392,Song_I_Can_Wave_My_Hands_-_Cullen_s_Abc_s_clap_u_cm_np1_fr_med_5.avi,4
393,The_Slow_Clap_clap_u_nm_np1_fr_med_10.avi,4
394,Budam_-_Clap_Hands_clap_u_nm_np1_fr_med_2.avi,4
395,LetThePeopleClap_clap_u_cm_np1_fr_med_0.avi,4
396,LetThePeopleClap_clap_u_cm_np1_fr_med_1.avi,4
397,boomsnapclap!_clap_u_nm_np1_fr_med_2.avi,4
398,The_Slow_Clap_clap_u_nm_np1_fr_med_1.avi,4
399,Budam_-_Clap_Hands_clap_u_nm_np1_fr_med_0.avi,4
400,My_Lil__Man_clapping_his_Hands_clap_u_nm_np1_fr_goo_0.avi,4
401,Flamenco_Dance_Steps_-_Flamenco_Dance_Soft_Claps_clap_u_cm_np1_fr_goo_0.avi,4
402,boom-snap-clap_clap_u_nm_np1_fr_med_0.avi,4
403,Glory_clap_h_nm_np1_fr_med_52.avi,4
404,boom_snap_clap_(challenge)_clap_u_nm_np1_fr_med_1.avi,4
405,The_Slow_Clap_clap_u_cm_np2_fr_bad_18.avi,4
406,Standing_clap_f_cm_np1_fr_med_0.avi,4
407,The_Slow_Clap_clap_u_nm_np1_fr_med_14.avi,4
408,Veoh_Alpha_Dog_1_clap_u_nm_np1_fr_goo_62.avi,4
409,Song_I_Can_Wave_My_Hands_-_Cullen_s_Abc_s_clap_u_cm_np1_fr_med_4.avi,4
410,Alex_applauding_himself_clap_u_cm_np1_fr_med_1.avi,4
411,Finding_Forrester_3_clap_u_nm_np1_ri_med_0.avi,4
412,A_Round_of_Applause_clap_u_cm_np1_fr_med_1.avi,4
413,boom_snap_clap_(challenge)_HARDCORE_VERSION!_clap_u_nm_np1_fr_bad_0.avi,4
414,RE-_Boom_Snap_Clap_clap_u_nm_np1_fr_med_1.avi,4
415,Kurt_Kr_mer_-_Klatschen_im_Flugzeug_clap_u_cm_np1_ri_bad_4.avi,4
416,The_Slow_Clap_clap_u_cm_np1_fr_bad_7.avi,4
417,The_Slow_Clap_clap_u_nm_np1_fr_bad_27.avi,4
418,_Boom_Snap_Clap__challenge_clap_u_nm_np1_fr_med_1.avi,4
419,Budam_-_Clap_Hands_clap_u_nm_np1_fr_med_1.avi,4
420,The_Slow_Clap_clap_u_nm_np3_fr_med_11.avi,4
421,Kurt_Kr_mer_-_Klatschen_im_Flugzeug_clap_u_cm_np1_ri_med_5.avi,4
422,#20_Rhythm_clap_u_nm_np1_fr_goo_2.avi,4
423,A_Round_of_Applause_clap_u_cm_np1_fr_med_0.avi,4
424,The_Slow_Clap_clap_u_nm_np1_fr_med_24.avi,4
425,LetThePeopleClap_clap_u_cm_np1_fr_med_3.avi,4
426,The_Slow_Clap_clap_u_cm_np1_fr_med_3.avi,4
427,Glory_clap_u_nm_np2_fr_goo_51.avi,4
428,NotAnotherTeenMovieslowclap_clap_u_cm_np1_fr_med_1.avi,4
429,NotAnotherTeenMovieslowclap_clap_u_nm_np1_fr_med_0.avi,4
430,Faith_Rewarded_clap_u_cm_np1_le_med_0.avi,4
431,The_Slow_Clap_clap_u_nm_np1_fr_med_30.avi,4
432,The_Slow_Clap_clap_u_nm_np1_fr_med_0.avi,4
433,#20_Rhythm_clap_u_nm_np1_le_goo_3.avi,4
434,SnakesonaPlaneSlowClap_clap_u_cm_np2_fr_med_0.avi,4
435,Theslowclap1_clap_f_cm_np1_fr_med_0.avi,4
436,Deutscher_Klatsch_-_The_Clap_-_Lexy_clap_u_cm_np2_fr_med_7.avi,4
437,Flamenco_Dance_Steps_-_Flamenco_Dance_Soft_Claps_clap_u_cm_np1_fr_goo_2.avi,4
438,boom_snap_clap_(challenge)_clap_u_nm_np1_fr_med_0.avi,4
439,boomsnapclap!_clap_u_nm_np1_fr_med_0.avi,4
440,Faith_Rewarded_clap_u_nm_np1_fr_goo_87.avi,4
441,Kurt_Kr_mer_-_Klatschen_im_Flugzeug_clap_f_nm_np1_fr_med_0.avi,4
442,rope_climb_Olivia_Age_4_climb_f_cm_np1_ba_med_1.avi,5
443,Kletter-WM_2005-_Bouldern_Finale_Damen__Vera_Kotasova_(CZE)_climb_f_cm_np1_ba_med_0.avi,5
444,Sarah_und_die_Kletterwand_climb_f_cm_np1_ri_bad_2.avi,5
445,Rock_Climbing_-_Joshua_Tree_climb_f_nm_np1_ba_med_2.avi,5
446,Speed_Climbing_Contest_Sport_Schuster_M_nchen_climb_f_cm_np1_ba_med_2.avi,5
447,Speed_Climbing_Contest_Sport_Schuster_M_nchen_climb_f_cm_np1_ba_med_1.avi,5
448,Kletter-WM_2005-_Bouldern_Finale_Damen__Vera_Kotasova_(CZE)_climb_f_cm_np1_ba_med_1.avi,5
449,megan_roof_climbing_climb_f_cm_np1_ri_goo_0.avi,5
450,Pole_climbing_World_Championships_climb_f_nm_np1_ba_med_1.avi,5
451,Dan_Osman_-_Speed_rock_climbing_climb_f_cm_np1_fr_bad_5.avi,5
452,(HQ)_Rock_Climbing_-_Free_Solo_Speed_Climb_-_Dan_Osman_climb_f_cm_np1_ba_med_0.avi,5
453,Lead_Climbing_Roof_at_Stoneworks_climb_f_cm_np1_ba_goo_0.avi,5
454,Amazing_Wall_Climber_(Must_be_Seen_to_Be_Believed!)_climb_f_cm_np1_ri_bad_0.avi,5
455,Kletter-WM_2005-_Bouldern_Finale_Herren__Serik_Kazbekov_climb_f_cm_np1_ba_med_1.avi,5
456,DM_Sportklettern_2006-_Qualifikation_-_Andreas_Bindhammer_climb_f_cm_np1_ba_med_2.avi,5
457,rope_climbing_climb_f_nm_np1_fr_med_0.avi,5
458,Kletter-WM_2005-_Speed_Achtelfinale_Herren_Minatchev_Hroza_climb_f_cm_np2_ba_med_2.avi,5
459,Pole_climbing_World_Championships_climb_f_nm_np1_ba_goo_0.avi,5
460,Pole_climbing_World_Championships_climb_f_cm_np1_le_med_3.avi,5
461,Sarah_und_die_Kletterwand_climb_f_cm_np1_ri_bad_0.avi,5
462,India_Monkey_King_scales_new_heights_climb_f_cm_np1_ba_med_0.avi,5
463,Mexican_Climbing_Fence_climb_f_cm_np1_ba_med_1.avi,5
464,(HQ)_Rock_Climbing_-_Free_Solo_Speed_Climb_-_Dan_Osman_climb_f_cm_np1_le_med_3.avi,5
465,Speed_Climbing_Contest_Sport_Schuster_M_nchen_climb_f_cm_np1_ba_med_0.avi,5
466,Chiara_Kletterwand_climb_f_cm_np1_ba_bad_0.avi,5
467,Dan_Osman_-_Speed_rock_climbing_climb_f_cm_np1_le_bad_3.avi,5
468,Jez__roof_climbing_in_Mile_End_climb_f_cm_np1_ba_med_1.avi,5
469,Julius_Haushammer___Klettern_und_Bouldern___1979_climb_f_cm_np1_ba_med_1.avi,5
470,Axel_beim_Klettern_an_der_Unisportwand_climb_f_cm_np2_ba_med_0.avi,5
471,Climbing_Wall_Adventure_climb_f_cm_np1_ba_med_1.avi,5
472,DM_Sportklettern_2006-_Video_Qualifikation_-_Julia_Winter_climb_f_cm_np1_ba_med_0.avi,5
473,Rock_Climbing_Nationals_08_Emily_Harrington_and_Lauren_Lee_climb_f_cm_np1_ba_med_3.avi,5
474,Jez__roof_climbing_in_Mile_End_climb_f_cm_np1_ba_med_2.avi,5
475,Seamus_OD_arms_exploding-_rope_climb_climb_f_cm_np1_ba_med_0.avi,5
476,Mexican_Climbing_Fence_climb_f_cm_np1_ba_med_2.avi,5
477,Klettern_by_Kurt_Hackner_climb_f_cm_np1_ba_med_2.avi,5
478,Lead_Climbing_Roof_at_Stoneworks_climb_f_cm_np1_ba_med_1.avi,5
479,Climbing_Wall_Adventure_climb_f_cm_np1_le_med_0.avi,5
480,Climbing_roof_in_TCA_climb_f_cm_np1_ba_med_1.avi,5
481,(HQ)_Rock_Climbing_-_Free_Solo_Speed_Climb_-_Dan_Osman_climb_f_cm_np1_fr_med_4.avi,5
482,Amazing_Wall_Climber_(Must_be_Seen_to_Be_Believed!)_climb_f_cm_np1_ba_bad_2.avi,5
483,Janini_an_der_Kletterwand_climb_f_cm_np1_ba_med_0.avi,5
484,Sarah_und_die_Kletterwand_climb_f_cm_np1_ri_bad_1.avi,5
485,Klettern_by_Kurt_Hackner_climb_f_cm_np1_le_med_1.avi,5
486,TANA_TEACHES_EVERONE_HOW_TO_CLIMB_A_FENCE_climb_f_cm_np1_ba_med_0.avi,5
487,SafeInPort_climb_f_nm_np1_ba_med_0.avi,5
488,megan_roof_climbing_climb_f_cm_np1_ri_goo_1.avi,5
489,Pole_Climbing_Challenging_gravity_climb_f_cm_np1_le_med_1.avi,5
490,Dan_Osman_-_Speed_rock_climbing_climb_f_cm_np1_le_bad_4.avi,5
491,Alban_Hayoz_solo_climb_(klettern)_climb_f_cm_np1_ba_med_0.avi,5
492,India_Monkey_King_scales_new_heights_climb_f_cm_np1_ba_med_2.avi,5
493,Rock_Climbing_-_Joshua_Tree_climb_f_nm_np1_ba_med_1.avi,5
494,Kletterwand_climb_f_cm_np1_ba_goo_2.avi,5
495,Rock_Climbing_Nationals_08_Emily_Harrington_and_Lauren_Lee_climb_f_cm_np1_ba_med_0.avi,5
496,Klettern_by_Kurt_Hackner_climb_f_cm_np1_ba_med_0.avi,5
497,Janini_an_der_Kletterwand_climb_f_cm_np1_ba_med_2.avi,5
498,Alban_Hayoz_solo_climb_(klettern)_climb_f_cm_np1_ba_med_2.avi,5
499,Return_of_the_King_4_climb_f_cm_np1_ba_med_3.avi,5
500,Kletterwand_climb_f_cm_np1_ba_goo_1.avi,5
501,rope_climbing_climb_f_nm_np1_ba_med_1.avi,5
502,Pole_climbing_World_Championships_climb_f_nm_np1_le_goo_2.avi,5
503,Kletterwand_climb_f_cm_np1_ba_goo_0.avi,5
504,Axel_beim_Klettern_an_der_Unisportwand_climb_f_cm_np1_ba_med_2.avi,5
505,Rock_Climbing_Nationals_08_Emily_Harrington_and_Lauren_Lee_climb_f_cm_np1_ba_med_2.avi,5
506,India_Monkey_King_scales_new_heights_climb_f_cm_np1_ba_bad_1.avi,5
507,DM_Sportklettern_2006-_Finale_Herren_-_Markus_Hoppe_climb_f_cm_np1_ri_med_1.avi,5
508,Alban_Hayoz_solo_climb_(klettern)_climb_f_nm_np1_ba_med_1.avi,5
509,Mexican_Climbing_Fence_climb_f_cm_np1_ba_med_3.avi,5
510,Rock_Climbing_Nationals_08_Emily_Harrington_and_Lauren_Lee_climb_f_cm_np1_ba_med_1.avi,5
511,Dan_Osman_-_Speed_rock_climbing_climb_f_cm_np1_ba_bad_0.avi,5
512,rope_climb_Olivia_Age_4_climb_f_cm_np1_fr_med_2.avi,5
513,Julius_Haushammer___Klettern_und_Bouldern___1979_climb_f_cm_np1_ba_med_0.avi,5
514,Climbing_roof_in_TCA_climb_f_cm_np1_ba_med_0.avi,5
515,Bristol_UCR_roof_climb_climb_f_cm_np1_ba_bad_2.avi,5
516,(HQ)_Rock_Climbing_-_Free_Solo_Speed_Climb_-_Dan_Osman_climb_f_cm_np1_le_med_2.avi,5
517,rope_climb_Olivia_Age_4_climb_f_cm_np1_ri_med_0.avi,5
518,India_Monkey_King_scales_new_heights_climb_f_cm_np1_ba_med_4.avi,5
519,(HQ)_Rock_Climbing_-_Free_Solo_Speed_Climb_-_Dan_Osman_climb_f_cm_np1_le_med_1.avi,5
520,Dan_Osman_-_Speed_rock_climbing_climb_f_cm_np1_ba_bad_1.avi,5
521,Rock_Climbing_-_Joshua_Tree_climb_f_nm_np1_ba_goo_0.avi,5
522,Bristol_UCR_roof_climb_climb_f_cm_np1_ba_bad_1.avi,5
523,Axel_beim_Klettern_an_der_Unisportwand_climb_f_cm_np2_ba_med_1.avi,5
524,Mexican_Climbing_Fence_climb_f_cm_np1_ba_med_0.avi,5
525,Axel_beim_Klettern_an_der_Unisportwand_climb_f_cm_np1_ba_med_3.avi,5
526,Jez__roof_climbing_in_Mile_End_climb_f_cm_np1_ba_med_0.avi,5
527,Bristol_UCR_roof_climb_climb_f_cm_np1_ba_bad_0.avi,5
